Description,RF,tpm,type,provirus,patient,is_other_cell,is_CD4_T_cell,is_CD8_T_cell,is_B_cell,is_myeloid_cell,is_proinflammatory_factor,Response,Count,atac_count,contactCount,id
GSE10240_IL22_VS_IL17_STIM_PRIMARY_BRONCHIAL_EPITHELIAL_CELLS_UP,5.208536585,4.758079906,ART_intact,intact,ART,1,0,0,0,0,1,2,8,352,19.90921596,1
GSE11057_CD4_CENT_MEM_VS_PBMC_UP,5.948836202,14.30526571,ART_intact,intact,ART,0,1,0,0,1,0,2,9,1076,39.82485405,2
GSE11057_CD4_EFF_MEM_VS_PBMC_UP,5.234710136,10.74065041,ART_intact,intact,ART,0,1,0,0,1,0,2,8,850,38.6973027,3
GSE11057_NAIVE_CD4_VS_PBMC_CD4_TCELL_UP,5.948836202,17.06153518,ART_intact,intact,ART,0,1,0,0,1,0,2,9,807,37.46476965,4
GSE1460_DP_VS_CD4_THYMOCYTE_DN,5.208536585,14.02425152,ART_intact,intact,ART,0,1,0,0,0,0,1,8,666,53.53636364,5
GSE16450_CTRL_VS_IFNA_12H_STIM_IMMATURE_NEURON_CELL_LINE_UP,5.287854401,15.66052298,ART_intact,intact,ART,1,0,0,0,0,1,2,8,928,33.64599483,6
GSE17974_1H_VS_72H_UNTREATED_IN_VITRO_CD4_TCELL_DN,5.234710136,6.482483201,ART_intact,intact,ART,0,1,0,0,0,0,1,8,587,53.10901468,7
GSE21927_BALBC_VS_C57BL6_MONOCYTE_SPLEEN_UP,6.200638792,40.24170904,ART_intact,intact,ART,0,0,0,0,1,0,2,9,437,15.51717557,8
GSE21927_C26GM_VS_4T1_TUMOR_MONOCYTE_BALBC_DN,5.234710136,9.461119355,ART_intact,intact,ART,0,0,0,0,1,0,1,8,826,24.36968291,9
GSE22601_IMMATURE_CD4_SINGLE_POSITIVE_VS_CD8_SINGLE_POSITIVE_THYMOCYTE_DN,5.208536585,12.72376381,ART_intact,intact,ART,0,1,1,0,0,0,1,8,488,35.16286149,10
GSE25087_TREG_VS_TCONV_FETUS_UP,5.261148066,32.23903446,ART_intact,intact,ART,1,0,0,0,0,0,2,8,882,41.11918275,11
GSE2770_IL4_ACT_VS_ACT_CD4_TCELL_2H_DN,6.510670732,21.35470174,ART_intact,intact,ART,0,1,0,0,0,1,1,10,646,30.03444444,12
GSE2935_UV_INACTIVATED_VS_LIVE_SENDAI_VIRUS_INF_MACROPHAGE_DN,5.81959395,54.46699491,ART_intact,intact,ART,0,0,0,0,1,1,1,8,583,31.16063348,13
GSE32255_UNSTIM_VS_4H_LPS_STIM_DC_UP,5.600576974,12.62256867,ART_intact,intact,ART,0,0,0,0,1,0,2,8,957,35.20306122,14
GSE3982_MAST_CELL_VS_BCELL_DN,5.948836202,12.54422435,ART_intact,intact,ART,0,0,0,1,1,0,1,9,983,33.31679389,15
GSE40225_WT_VS_RIP_B7X_DIABETIC_MOUSE_PANCREATIC_CD8_TCELL_UP,6.54338767,13.50235388,ART_intact,intact,ART,0,0,1,0,0,0,2,10,813,20.66945607,16
GSE5099_DAY3_VS_DAY7_MCSF_TREATED_MACROPHAGE_DN,7.115487138,668.6613221,ART_intact,intact,ART,1,0,0,0,1,0,1,10,570,28.2156074,17
GSE5589_WT_VS_IL6_KO_LPS_AND_IL10_STIM_MACROPHAGE_45MIN_UP,5.208536585,16.91804392,ART_intact,intact,ART,0,0,0,0,1,1,2,8,434,30.31491003,18
NAKAYA_PBMC_FLUARIX_FLUVIRIN_AGE_18_50YO_CORRELATED_WITH_HAI_28DY_RESPONSE_AT_3DY_NEGATIVE,5.723666577,322.933748,ART_intact,intact,ART,0,0,0,0,1,0,0,16,1575,28.44966118,19
NAKAYA_PBMC_FLUARIX_FLUVIRIN_AGE_18_50YO_CORRELATED_WITH_HAI_28DY_RESPONSE_AT_7DY_NEGATIVE,4.660269576,333.6429072,ART_intact,intact,ART,0,0,0,0,1,0,0,17,1584,27.61384439,20
ANDERSON_BLOOD_CN54GP140_ADJUVANTED_WITH_GLA_AF_AGE_18_45YO_1DY_DN,5.75661885,28.43846513,ART_defective,defective,ART,0,0,0,0,0,0,1,14,943,28.49228871,28
GSE10094_LCMV_VS_LISTERIA_IND_EFF_CD4_TCELL_UP,3.161387955,22.23804091,ART_defective,defective,ART,0,1,0,0,0,0,2,18,1571,31.69570552,29
GSE10147_IL3_VS_IL3_AND_HIVP17_STIM_PDC_UP,3.368761462,7.854993631,ART_defective,defective,ART,0,0,0,0,1,1,2,16,1453,28.43649559,30
GSE10239_MEMORY_VS_KLRG1HIGH_EFF_CD8_TCELL_DN,3.145581015,17.60298573,ART_defective,defective,ART,0,0,1,0,0,0,1,18,1461,36.18372483,31
GSE10273_HIGH_VS_LOW_IL7_TREATED_IRF4_8_NULL_PRE_BCELL_DN,3.353874258,28.81122051,ART_defective,defective,ART,0,0,0,1,0,1,1,19,996,36.23160763,32
GSE10273_LOW_IL7_VS_HIGH_IL7_AND_IRF4_IN_IRF4_8_NULL_PRE_BCELL_DN,2.970826514,12.35469077,ART_defective,defective,ART,0,0,0,1,0,1,1,17,1083,28.76863181,33
GSE10325_CD4_TCELL_VS_BCELL_UP,4.059953049,15.12604122,ART_defective,defective,ART,0,1,0,1,0,0,2,23,2611,33.03010279,34
GSE10325_CD4_TCELL_VS_MYELOID_UP,3.512653283,15.63125787,ART_defective,defective,ART,0,1,0,0,1,0,2,20,2215,27.57980558,35
GSE10325_LUPUS_CD4_TCELL_VS_LUPUS_BCELL_UP,4.390816603,14.48538671,ART_defective,defective,ART,0,1,0,1,0,0,2,25,2593,32.47060766,36
GSE10325_LUPUS_CD4_TCELL_VS_LUPUS_MYELOID_UP,3.337020619,12.16850348,ART_defective,defective,ART,0,1,0,0,1,0,2,19,2035,39.05173232,37
GSE11057_CD4_CENT_MEM_VS_PBMC_UP,3.903146211,25.35923729,ART_defective,defective,ART,0,1,0,0,1,0,2,22,2113,31.1290107,38
GSE11057_CD4_EFF_MEM_VS_PBMC_UP,2.810122626,16.49650525,ART_defective,defective,ART,0,0,0,0,1,0,2,16,1846,37.90183323,39
GSE11057_EFF_MEM_VS_CENT_MEM_CD4_TCELL_DN,4.275907999,13.33656174,ART_defective,defective,ART,0,1,0,0,0,0,1,23,2948,27.06400209,40
GSE11057_NAIVE_VS_CENT_MEMORY_CD4_TCELL_DN,3.337020619,9.831558051,ART_defective,defective,ART,0,1,0,0,0,0,1,19,1642,25.74079081,41
GSE11057_NAIVE_VS_MEMORY_CD4_TCELL_DN,2.824315165,9.316935397,ART_defective,defective,ART,0,1,0,0,0,0,1,16,1518,24.56794294,42
GSE11057_PBMC_VS_MEM_CD4_TCELL_DN,3.193483264,20.88600149,ART_defective,defective,ART,0,1,0,0,1,0,1,18,1603,38.97862979,43
GSE11386_NAIVE_VS_MEMORY_BCELL_DN,3.736888697,12.76803834,ART_defective,defective,ART,0,0,0,1,0,0,1,17,2321,42.65331279,44
GSE11864_UNTREATED_VS_CSF1_PAM3CYS_IN_MAC_UP,2.824315165,9.346312347,ART_defective,defective,ART,0,0,0,0,1,0,2,16,1058,20.16069789,45
GSE11924_TFH_VS_TH1_CD4_TCELL_UP,3.688285947,13.31207621,ART_defective,defective,ART,1,1,0,0,0,0,2,21,1233,39.74302326,46
GSE11961_MARGINAL_ZONE_BCELL_VS_GERMINAL_CENTER_BCELL_DAY40_UP,2.810122626,19.6714004,ART_defective,defective,ART,0,0,0,1,0,0,2,16,1491,32.99231508,47
GSE12003_MIR223_KO_VS_WT_BM_PROGENITOR_4D_CULTURE_UP,3.145581015,14.91895477,ART_defective,defective,ART,1,0,0,0,0,0,2,18,1546,34.18301435,48
GSE12366_GC_BCELL_VS_PLASMA_CELL_UP,3.903146211,8.912163889,ART_defective,defective,ART,0,0,0,1,1,0,2,22,2277,27.64907652,49
GSE12366_PLASMA_CELL_VS_NAIVE_BCELL_DN,3.863918611,14.58373669,ART_defective,defective,ART,0,0,0,1,1,0,1,22,1666,28.94659037,50
GSE12392_CD8A_POS_VS_NEG_SPLEEN_DC_DN,3.320335516,63.64585853,ART_defective,defective,ART,0,0,0,0,1,0,1,19,1686,29.25207877,51
GSE12845_IGD_NEG_BLOOD_VS_DARKZONE_GC_TONSIL_BCELL_DN,2.810122626,22.52887528,ART_defective,defective,ART,0,0,0,1,0,0,1,16,1529,23.34786517,52
GSE12845_IGD_POS_BLOOD_VS_DARKZONE_GC_TONSIL_BCELL_DN,3.512653283,16.1659791,ART_defective,defective,ART,0,0,0,1,0,0,1,20,2244,26.40617181,53
GSE12845_IGD_POS_BLOOD_VS_NAIVE_TONSIL_BCELL_DN,2.810122626,14.0637068,ART_defective,defective,ART,0,0,0,1,0,0,1,16,1600,33.05009634,54
GSE13306_LAMINA_PROPRIA_VS_SPLEEN_TREG_UP,3.337020619,27.71815869,ART_defective,defective,ART,1,0,0,0,0,0,2,19,1944,35.94996986,55
GSE13306_TREG_VS_TCONV_SPLEEN_DN,2.810122626,25.56522032,ART_defective,defective,ART,1,0,0,0,0,0,1,16,1468,22.87440035,56
GSE13411_IGM_MEMORY_BCELL_VS_PLASMA_CELL_UP,3.706913654,14.78428473,ART_defective,defective,ART,0,0,0,1,1,1,2,21,1894,30.68886775,57
GSE13411_NAIVE_BCELL_VS_PLASMA_CELL_UP,3.566418384,11.93549052,ART_defective,defective,ART,0,0,0,1,1,0,2,20,1827,33.32392996,58
GSE13411_PLASMA_CELL_VS_MEMORY_BCELL_DN,2.83865179,10.37247502,ART_defective,defective,ART,0,0,0,1,1,0,1,16,1758,38.00517464,59
GSE13411_SWITCHED_MEMORY_BCELL_VS_PLASMA_CELL_UP,4.36886252,12.06098833,ART_defective,defective,ART,0,0,0,1,1,0,2,25,1673,26.50373134,60
GSE13484_UNSTIM_VS_3H_YF17D_VACCINE_STIM_PBMC_UP,2.98575529,15.77420367,ART_defective,defective,ART,0,0,0,0,1,0,2,17,1123,26.33940043,61
GSE13485_CTRL_VS_DAY1_YF17D_VACCINE_PBMC_UP,3.031455626,31.68801452,ART_defective,defective,ART,0,0,0,0,1,0,2,17,770,34.47835269,62
GSE13547_CTRL_VS_ANTI_IGM_STIM_ZFX_KO_BCELL_12H_DN,3.020448162,9.497583616,ART_defective,defective,ART,0,0,0,1,0,1,1,14,1895,34.50169033,63
GSE13738_TCR_VS_BYSTANDER_ACTIVATED_CD4_TCELL_UP,2.824315165,8.264976126,ART_defective,defective,ART,0,1,0,0,0,0,2,16,1364,31.0233711,64
GSE14350_TREG_VS_TEFF_UP,4.215183939,11.43312439,ART_defective,defective,ART,1,0,0,0,0,0,2,24,1929,31.95616883,65
GSE14415_FOXP3_KO_NATURAL_TREG_VS_TCONV_DN,3.232453194,7.459578991,ART_defective,defective,ART,1,0,0,0,0,0,1,16,1274,29.16227802,66
GSE14415_FOXP3_KO_NATURAL_TREG_VS_TCONV_UP,2.861477206,10.8666675,ART_defective,defective,ART,1,0,0,0,0,0,2,14,1477,28.40718563,67
GSE14415_INDUCED_TREG_VS_FOXP3_KO_INDUCED_TREG_UP,3.251246527,7.822524085,ART_defective,defective,ART,1,0,0,0,0,0,2,16,1488,34.68397291,68
GSE14415_INDUCED_TREG_VS_TCONV_DN,2.983613429,6.541994082,ART_defective,defective,ART,1,0,0,0,0,0,1,14,1786,35.3729088,69
GSE1460_INTRATHYMIC_T_PROGENITOR_VS_CD4_THYMOCYTE_DN,3.161387955,56.24284267,ART_defective,defective,ART,1,0,0,0,0,0,1,18,1675,37.49909146,70
GSE14699_NAIVE_VS_DELETIONAL_TOLERANCE_CD8_TCELL_UP,3.679042122,14.823179,ART_defective,defective,ART,0,0,1,0,0,0,2,16,1238,22.86307803,71
GSE15330_HSC_VS_MEGAKARYOCYTE_ERYTHROID_PROGENITOR_DN,3.952780376,8.068593709,ART_defective,defective,ART,1,0,0,0,0,0,1,19,1311,28.56693712,72
GSE15330_HSC_VS_MEGAKARYOCYTE_ERYTHROID_PROGENITOR_UP,3.883433352,7.819119585,ART_defective,defective,ART,1,0,0,0,0,0,2,18,1644,24.378157,73
GSE15330_LYMPHOID_MULTIPOTENT_VS_MEGAKARYOCYTE_ERYTHROID_PROGENITOR_IKAROS_KO_UP,3.579309053,5.696578979,ART_defective,defective,ART,1,0,0,0,0,0,2,17,1402,30.45331834,74
GSE15624_CTRL_VS_3H_HALOFUGINONE_TREATED_CD4_TCELL_UP,4.805748773,17.18760412,ART_defective,defective,ART,0,1,0,0,0,0,2,22,1623,24.73850085,75
GSE15733_BM_VS_SPLEEN_MEMORY_CD4_TCELL_DN,2.810122626,16.23005452,ART_defective,defective,ART,0,1,0,0,0,0,1,16,1755,36.79382797,76
GSE16385_IL4_VS_ROSIGLITAZONE_STIM_MACROPHAGE_UP,3.242867025,11.67789166,ART_defective,defective,ART,0,0,0,0,1,1,2,18,1831,27.53527482,77
GSE16385_ROSIGLITAZONE_IL4_VS_IFNG_TNF_STIM_MACROPHAGE_UP,3.495090016,14.54811992,ART_defective,defective,ART,0,0,0,0,1,1,2,20,2253,37.09284627,78
GSE16450_CTRL_VS_IFNA_12H_STIM_IMMATURE_NEURON_CELL_LINE_UP,3.903146211,10.95158876,ART_defective,defective,ART,1,0,0,0,0,1,2,22,2470,40.43234956,79
GSE16450_CTRL_VS_IFNA_6H_STIM_IMMATURE_NEURON_CELL_LINE_DN,3.226236938,19.31115914,ART_defective,defective,ART,1,0,0,0,0,1,1,18,1467,32.45202559,80
GSE16450_CTRL_VS_IFNA_6H_STIM_MATURE_NEURON_CELL_LINE_DN,2.970826514,341.7536673,ART_defective,defective,ART,1,0,0,0,0,1,1,17,2029,36.19165247,81
GSE16450_IMMATURE_VS_MATURE_NEURON_CELL_LINE_UP,4.301649251,251.1714216,ART_defective,defective,ART,1,0,0,0,0,0,2,24,2380,36.48409405,82
GSE16522_ANTI_CD3CD28_STIM_VS_UNSTIM_NAIVE_CD8_TCELL_DN,3.706913654,30.43462473,ART_defective,defective,ART,0,0,1,0,0,0,1,21,1332,35.16601179,83
GSE17186_BLOOD_VS_CORD_BLOOD_CD21LOW_TRANSITIONAL_BCELL_UP,2.970826514,19.56537395,ART_defective,defective,ART,0,0,0,1,0,0,2,17,1741,38.92207792,84
GSE17301_ACD3_ACD28_VS_ACD3_ACD28_AND_IFNA2_STIM_CD8_TCELL_DN,2.970826514,17.18926655,ART_defective,defective,ART,0,0,1,0,0,1,1,17,1451,40.36276083,85
GSE17301_CTRL_VS_48H_ACD3_ACD28_IFNA5_STIM_CD8_TCELL_UP,3.320335516,10.00724678,ART_defective,defective,ART,0,0,1,0,0,1,2,19,2182,29.34138614,86
GSE17721_0.5H_VS_12H_GARDIQUIMOD_BMDC_DN,3.145581015,16.3229221,ART_defective,defective,ART,0,0,0,0,1,0,1,18,1560,29.12642045,87
GSE17721_0.5H_VS_8H_GARDIQUIMOD_BMDC_DN,2.98575529,79.01212272,ART_defective,defective,ART,0,0,0,0,1,0,1,17,1506,32.00736842,88
GSE17721_CTRL_VS_CPG_0.5H_BMDC_UP,3.161387955,14.40530023,ART_defective,defective,ART,0,0,0,0,1,0,2,18,1178,23.94343696,89
GSE17721_CTRL_VS_GARDIQUIMOD_0.5H_BMDC_UP,2.970826514,20.61186203,ART_defective,defective,ART,0,0,0,0,1,0,2,17,888,33.10053722,90
GSE17721_PAM3CSK4_VS_GADIQUIMOD_8H_BMDC_DN,3.145581015,18.91739144,ART_defective,defective,ART,0,0,0,0,1,0,1,18,1563,34.72732459,91
GSE17974_0.5H_VS_72H_IL4_AND_ANTI_IL12_ACT_CD4_TCELL_DN,3.031455626,13.52337116,ART_defective,defective,ART,0,1,0,0,0,1,1,17,1108,22.59850993,92
GSE17974_0.5H_VS_72H_IL4_AND_ANTI_IL12_ACT_CD4_TCELL_UP,2.853134707,14.2426968,ART_defective,defective,ART,0,1,0,0,0,1,2,16,1259,19.81946625,93
GSE17974_CTRL_VS_ACT_IL4_AND_ANTI_IL12_24H_CD4_TCELL_UP,2.867766167,9.558901718,ART_defective,defective,ART,0,1,0,0,0,1,2,16,1969,34.59149819,94
GSE17974_IL4_AND_ANTI_IL12_VS_UNTREATED_72H_ACT_CD4_TCELL_DN,3.047001553,13.51660158,ART_defective,defective,ART,0,1,0,0,0,1,1,17,1357,33.7022082,95
GSE18893_TCONV_VS_TREG_2H_CULTURE_DN,2.970826514,10.61307404,ART_defective,defective,ART,1,0,0,0,0,0,1,17,1243,30.49075844,96
GSE18893_TCONV_VS_TREG_2H_TNF_STIM_DN,3.062707746,74.11514109,ART_defective,defective,ART,1,0,0,0,0,1,1,17,850,20.41341052,97
GSE1925_CTRL_VS_IFNG_PRIMED_MACROPHAGE_3H_IFNG_STIM_UP,3.816477604,13.10909745,ART_defective,defective,ART,0,0,0,0,1,1,1,19,1256,28.88615561,98
GSE21033_1H_VS_12H_POLYIC_STIM_DC_DN,3.222423419,20.24515665,ART_defective,defective,ART,0,0,0,0,1,0,1,13,809,27.58566978,99
GSE21063_CTRL_VS_ANTI_IGM_STIM_BCELL_NFATC1_KO_3H_DN,4.089998955,16.65121366,ART_defective,defective,ART,0,0,0,1,0,1,1,22,1511,28.36149784,100
GSE21063_CTRL_VS_ANTI_IGM_STIM_BCELL_NFATC1_KO_8H_UP,3.29380211,39.14549187,ART_defective,defective,ART,0,0,0,1,0,1,2,18,1520,21.83139535,101
GSE21360_PRIMARY_VS_QUATERNARY_MEMORY_CD8_TCELL_DN,2.824315165,14.36485948,ART_defective,defective,ART,0,0,1,0,0,0,1,16,1522,31.62374582,102
GSE21546_ELK1_KO_VS_SAP1A_KO_AND_ELK1_KO_DP_THYMOCYTES_DN,2.83865179,11.60819665,ART_defective,defective,ART,1,0,0,0,0,0,1,16,830,25.61378924,103
GSE21546_UNSTIM_VS_ANTI_CD3_STIM_DP_THYMOCYTES_DN,2.810122626,9.602694648,ART_defective,defective,ART,1,0,0,0,0,0,1,16,1097,31.78947368,104
GSE21546_WT_VS_SAP1A_KO_AND_ELK1_KO_DP_THYMOCYTES_DN,3.320335516,9.202480939,ART_defective,defective,ART,1,0,0,0,0,0,1,19,1990,36.28520179,105
GSE21670_IL6_VS_TGFB_AND_IL6_TREATED_CD4_TCELL_UP,3.078576698,13.68988189,ART_defective,defective,ART,0,1,0,0,0,1,2,17,1983,35.84778493,106
GSE21670_UNTREATED_VS_IL6_TREATED_CD4_TCELL_DN,3.669844517,26.02101084,ART_defective,defective,ART,0,1,0,0,0,1,1,21,2387,34.83867667,107
GSE21670_UNTREATED_VS_TGFB_TREATED_STAT3_KO_CD4_TCELL_DN,3.337020619,13.89167798,ART_defective,defective,ART,0,1,0,0,0,1,1,19,1406,23.97859327,108
GSE21927_C26GM_VS_4T1_TUMOR_MONOCYTE_BALBC_DN,4.917714596,29.55466083,ART_defective,defective,ART,0,0,0,0,1,0,1,28,2354,33.73693961,109
GSE21927_SPLEEN_C57BL6_VS_EL4_TUMOR_BALBC_MONOCYTES_UP,3.512653283,26.27930024,ART_defective,defective,ART,0,0,0,1,0,0,2,20,1565,37.20495356,110
GSE21927_SPLENIC_VS_TUMOR_MONOCYTES_FROM_C26GM_TUMOROUS_MICE_BALBC_DN,3.353874258,30.52529644,ART_defective,defective,ART,0,0,0,0,1,0,1,19,1367,22.22165605,111
GSE22342_CD11C_HIGH_VS_LOW_DECIDUAL_MACROPHAGES_UP,3.000834863,29.47789214,ART_defective,defective,ART,0,0,0,0,1,0,2,17,1197,29.92109256,112
GSE22432_CONVENTIONAL_CDC_VS_PLASMACYTOID_PDC_UP,2.810122626,9.36116029,ART_defective,defective,ART,0,0,0,0,1,0,2,16,908,38.71763507,113
GSE22601_CD4_SINGLE_POSITIVE_VS_CD8_SINGLE_POSITIVE_THYMOCYTE_DN,3.145581015,16.65892923,ART_defective,defective,ART,1,0,0,0,0,0,1,18,1870,31.55176689,114
GSE22601_IMMATURE_CD4_SINGLE_POSITIVE_VS_DOUBLE_POSITIVE_THYMOCYTE_DN,3.320335516,14.34828959,ART_defective,defective,ART,0,1,0,0,0,0,1,19,2646,30.03111288,115
GSE22886_CD4_TCELL_VS_BCELL_NAIVE_UP,3.17735456,25.96088508,ART_defective,defective,ART,0,1,0,1,0,0,2,18,2327,28.94545455,116
GSE22886_CD8_TCELL_VS_BCELL_NAIVE_UP,3.17735456,23.86331759,ART_defective,defective,ART,0,0,1,1,0,0,2,18,1929,38.47025862,117
GSE22886_NAIVE_CD4_TCELL_VS_12H_ACT_TH2_UP,2.98575529,33.27293663,ART_defective,defective,ART,1,1,0,0,0,0,2,17,1228,32.52186178,118
GSE22886_NAIVE_CD4_TCELL_VS_MONOCYTE_UP,3.193483264,13.63013713,ART_defective,defective,ART,0,1,0,0,1,0,2,18,2020,31.23490212,119
GSE22886_NAIVE_CD8_TCELL_VS_DC_UP,3.161387955,19.85808781,ART_defective,defective,ART,0,0,1,0,1,0,2,18,1821,31.99899548,120
GSE22886_NAIVE_CD8_TCELL_VS_MEMORY_TCELL_DN,2.98575529,13.79900171,ART_defective,defective,ART,1,0,1,0,0,0,1,17,1559,32.68993387,121
GSE22886_NAIVE_CD8_TCELL_VS_MONOCYTE_UP,3.337020619,12.70896222,ART_defective,defective,ART,0,0,1,0,1,0,2,19,2212,34.68760757,122
GSE22886_NAIVE_CD8_TCELL_VS_NKCELL_UP,3.000834863,23.31347247,ART_defective,defective,ART,1,0,1,0,0,0,2,17,1376,45.0060241,123
GSE22886_NAIVE_TCELL_VS_DC_UP,3.337020619,24.7872162,ART_defective,defective,ART,1,0,0,0,1,0,2,19,1420,33.25769854,124
GSE22886_NAIVE_TCELL_VS_MONOCYTE_UP,3.17735456,13.01697443,ART_defective,defective,ART,1,0,0,0,1,0,2,18,1915,31.81912494,125
GSE22886_NAIVE_TCELL_VS_NKCELL_UP,2.824315165,28.58999434,ART_defective,defective,ART,1,0,0,0,0,0,2,16,1439,43.55291577,126
GSE22886_NAIVE_VS_MEMORY_TCELL_DN,2.98575529,26.77953598,ART_defective,defective,ART,1,0,0,0,0,0,1,17,1700,34.56271186,127
GSE22886_TCELL_VS_BCELL_NAIVE_UP,3.161387955,26.57055502,ART_defective,defective,ART,1,0,0,1,0,0,2,18,2214,25.35910088,128
GSE22886_UNSTIM_VS_STIM_MEMORY_TCELL_UP,2.824315165,25.232251,ART_defective,defective,ART,1,0,0,0,0,0,2,16,1400,28.834339,129
GSE23321_CD8_STEM_CELL_MEMORY_VS_NAIVE_CD8_TCELL_DN,3.566418384,18.86076789,ART_defective,defective,ART,1,0,1,0,0,0,1,20,1729,30.04420131,130
GSE24026_PD1_LIGATION_VS_CTRL_IN_ACT_TCELL_LINE_DN,2.970826514,14.96547704,ART_defective,defective,ART,1,0,0,0,0,0,1,17,1098,23.1269084,131
GSE24210_CTRL_VS_IL35_TREATED_TCONV_CD4_TCELL_UP,3.669844517,15.55299121,ART_defective,defective,ART,0,1,0,0,0,1,2,21,1795,38.23045822,132
GSE24574_BCL6_HIGH_VS_LOW_TFH_CD4_TCELL_UP,3.512653283,20.76169902,ART_defective,defective,ART,0,1,0,0,0,0,2,20,2104,33.84565499,133
GSE24671_CTRL_VS_BAKIMULC_INFECTED_MOUSE_SPLENOCYTES_UP,3.145581015,11.46958452,ART_defective,defective,ART,1,0,0,0,0,0,2,18,1754,26.49754149,134
GSE24671_CTRL_VS_SENDAI_VIRUS_INFECTED_MOUSE_SPLENOCYTES_DN,2.810122626,25.06864195,ART_defective,defective,ART,1,0,0,0,0,0,1,16,1713,41.75463415,135
GSE24726_WT_VS_E2_2_KO_PDC_DAY6_POST_DELETION_DN,2.970826514,327.5354604,ART_defective,defective,ART,0,0,0,0,1,0,1,17,1719,35.29061001,136
GSE25087_TREG_VS_TCONV_ADULT_UP,3.688285947,13.80642303,ART_defective,defective,ART,1,0,0,0,0,0,2,21,1728,31.77709106,137
GSE25087_TREG_VS_TCONV_FETUS_UP,3.000834863,19.49264352,ART_defective,defective,ART,1,0,0,0,0,0,2,17,1579,27.33878422,138
GSE25088_CTRL_VS_IL4_AND_ROSIGLITAZONE_STIM_STAT6_KO_MACROPHAGE_UP,3.548314737,18.93369757,ART_defective,defective,ART,1,0,0,0,1,1,2,20,1496,23.94705174,139
GSE25088_IL4_VS_IL4_AND_ROSIGLITAZONE_STIM_STAT6_KO_MACROPHAGE_DAY10_UP,2.824315165,13.1215087,ART_defective,defective,ART,0,0,0,0,1,1,2,16,1963,35.70972723,140
GSE25146_UNSTIM_VS_HELIOBACTER_PYLORI_LPS_STIM_AGS_CELL_DN,3.789856644,46.49261665,ART_defective,defective,ART,1,0,0,0,0,0,1,18,1611,32.78503095,141
GSE25677_MPL_VS_MPL_AND_R848_STIM_BCELL_UP,3.058203764,18.25125452,ART_defective,defective,ART,0,0,0,1,0,0,2,14,1040,34.30829268,142
GSE25677_MPL_VS_R848_STIM_BCELL_DN,4.634373502,23.1794314,ART_defective,defective,ART,0,0,0,1,0,0,1,24,2394,39.412,143
GSE26030_TH1_VS_TH17_DAY5_POST_POLARIZATION_DN,3.016067527,24.45984993,ART_defective,defective,ART,1,0,0,0,0,0,1,17,1741,42.14164456,144
GSE26030_UNSTIM_VS_RESTIM_TH1_DAY15_POST_POLARIZATION_UP,2.970826514,71.12867492,ART_defective,defective,ART,1,0,0,0,0,0,2,17,1639,26.0751845,145
GSE26488_CTRL_VS_PEPTIDE_INJECTION_OT2_THYMOCYTE_DN,3.81977051,18.91522776,ART_defective,defective,ART,1,0,0,0,0,0,1,20,2164,29.63404255,146
GSE26495_NAIVE_VS_PD1LOW_CD8_TCELL_DN,3.337020619,19.18785492,ART_defective,defective,ART,0,0,1,0,0,0,1,19,1684,23.72760401,147
GSE27241_WT_VS_RORGT_KO_TH17_POLARIZED_CD4_TCELL_TREATED_WITH_DIGOXIN_UP,5.436806692,14.29139521,ART_defective,defective,ART,0,1,0,0,0,0,2,28,2999,39.4346875,148
GSE27291_0H_VS_7D_STIM_GAMMADELTA_TCELL_DN,3.127185804,31.05122835,ART_defective,defective,ART,1,0,0,0,0,0,1,17,1480,29.18872549,149
GSE27670_BLIMP1_VS_LMP1_TRANSDUCED_GC_BCELL_DN,3.512653283,20.67179491,ART_defective,defective,ART,0,0,0,1,0,0,1,20,1282,28.43237251,150
GSE2770_IL12_AND_TGFB_ACT_VS_ACT_CD4_TCELL_6H_DN,2.824315165,15.376494,ART_defective,defective,ART,0,1,0,0,0,1,1,16,1156,29.07004556,151
GSE2770_IL12_VS_IL4_TREATED_ACT_CD4_TCELL_48H_DN,3.161387955,21.2394575,ART_defective,defective,ART,0,1,0,0,0,1,1,18,1184,24.07188841,152
GSE2770_IL12_VS_TGFB_AND_IL12_TREATED_ACT_CD4_TCELL_6H_DN,3.337020619,13.09707669,ART_defective,defective,ART,0,1,0,0,0,1,1,19,1155,29.65130568,153
GSE2770_IL4_ACT_VS_ACT_CD4_TCELL_2H_DN,2.970826514,23.4796134,ART_defective,defective,ART,0,1,0,0,0,1,1,17,1317,35.0163835,154
GSE2770_IL4_ACT_VS_ACT_CD4_TCELL_6H_UP,2.824315165,22.01318337,ART_defective,defective,ART,0,1,0,0,0,1,2,16,1135,19.437684,155
GSE2770_TGFB_AND_IL4_VS_IL12_TREATED_ACT_CD4_TCELL_6H_UP,2.970826514,21.07762724,ART_defective,defective,ART,0,1,0,0,0,1,2,17,1631,38.61168594,156
GSE2770_UNTREATED_VS_IL12_TREATED_ACT_CD4_TCELL_2H_UP,4.19410802,15.44843263,ART_defective,defective,ART,0,1,0,0,0,1,2,24,2251,43.70056497,157
GSE2770_UNTREATED_VS_IL4_TREATED_ACT_CD4_TCELL_6H_DN,2.970826514,14.57330873,ART_defective,defective,ART,0,1,0,0,0,1,1,17,1607,22.72788066,158
GSE27786_LIN_NEG_VS_CD8_TCELL_DN,2.970826514,350.1903589,ART_defective,defective,ART,0,0,1,0,0,0,1,17,1208,28.54178196,159
GSE27896_HDAC6_KO_VS_WT_TREG_UP,3.57452388,16.38767347,ART_defective,defective,ART,1,0,0,0,0,0,2,18,1367,28.33788956,160
GSE28726_ACT_CD4_TCELL_VS_ACT_NKTCELL_DN,2.810122626,16.79372115,ART_defective,defective,ART,1,1,0,0,0,0,1,16,1498,28.29984623,161
GSE29618_PRE_VS_DAY7_FLU_VACCINE_MDC_DN,3.17735456,9.477385217,ART_defective,defective,ART,0,0,0,0,1,0,1,18,1872,30.84433443,162
GSE30083_SP1_VS_SP4_THYMOCYTE_DN,3.844599018,19.6679028,ART_defective,defective,ART,1,0,0,0,0,0,1,22,1951,31.14285714,163
GSE3039_CD4_TCELL_VS_NKT_CELL_UP,3.495090016,9.32507237,ART_defective,defective,ART,1,1,0,0,0,0,2,20,2073,31.06960784,164
GSE30962_ACUTE_VS_CHRONIC_LCMV_SECONDARY_INF_CD8_TCELL_UP,3.320335516,9.903248032,ART_defective,defective,ART,0,0,1,0,0,1,2,19,2715,43.13033062,165
GSE31082_CD4_VS_CD8_SP_THYMOCYTE_UP,3.145581015,23.347122,ART_defective,defective,ART,1,0,0,0,0,0,2,18,1705,27.97317201,166
GSE31082_DN_VS_CD4_SP_THYMOCYTE_DN,2.970826514,13.96759212,ART_defective,defective,ART,1,0,0,0,0,0,1,17,1625,38.35411311,167
GSE31082_DN_VS_CD4_SP_THYMOCYTE_UP,3.145581015,10.43666237,ART_defective,defective,ART,1,0,0,0,0,0,2,18,916,27.28712871,168
GSE31082_DN_VS_CD8_SP_THYMOCYTE_DN,3.320335516,17.29173836,ART_defective,defective,ART,1,0,0,0,0,0,1,19,2103,43.915625,169
GSE32255_WT_UNSTIM_VS_JMJD2D_KNOCKDOWN_4H_LPS_STIM_DC_UP,3.395230302,15.20798584,ART_defective,defective,ART,0,0,0,0,1,0,2,17,1554,33.22300771,170
GSE32533_WT_VS_MIR17_KO_ACT_CD4_TCELL_DN,4.080561948,35.9427195,ART_defective,defective,ART,0,1,0,0,0,0,1,23,1671,30.84033203,171
GSE32901_NAIVE_VS_TH17_ENRICHED_CD4_TCELL_UP,2.950400663,414.7624718,ART_defective,defective,ART,0,1,0,0,0,0,2,13,1602,33.29196643,172
GSE32901_TH1_VS_TH17_ENRICHED_CD4_TCELL_UP,4.419079331,17.41169617,ART_defective,defective,ART,0,1,0,0,0,0,2,22,2004,35.03806228,173
GSE32986_GMCSF_AND_CURDLAN_LOWDOSE_VS_GMCSF_AND_CURDLAN_HIGHDOSE_STIM_DC_UP,3.161387955,8.642894499,ART_defective,defective,ART,0,0,0,0,1,0,2,18,1625,34.96605744,174
GSE32986_GMCSF_VS_GMCSF_AND_CURDLAN_HIGHDOSE_STIM_DC_DN,2.824315165,10.1565915,ART_defective,defective,ART,0,0,0,0,1,0,1,16,1547,27.34760705,175
GSE33162_HDAC3_KO_VS_HDAC3_KO_4H_LPS_STIM_MACROPHAGE_UP,3.145581015,22.97429963,ART_defective,defective,ART,0,0,0,0,1,0,2,18,1320,30.23392719,176
GSE33425_CD161_HIGH_VS_INT_CD8_TCELL_UP,2.970826514,10.5370068,ART_defective,defective,ART,0,0,1,0,0,0,2,17,1379,20.68368201,177
GSE339_CD4POS_VS_CD4CD8DN_DC_UP,2.970826514,22.61270271,ART_defective,defective,ART,0,0,0,0,1,0,2,17,1165,19.74047333,178
GSE35435_RESTING_VS_IL4_TREATED_MACROPHAGE_UP,3.161387955,19.7332157,ART_defective,defective,ART,0,0,0,0,1,1,2,18,1200,22.25515464,179
GSE35685_CD34POS_CD38NEG_VS_CD34POS_CD10NEG_CD62LPOS_BONE_MARROW_UP,3.669844517,16.65959205,ART_defective,defective,ART,0,0,0,0,1,0,2,21,1593,37.31139756,180
GSE35825_IFNA_VS_IFNG_STIM_MACROPHAGE_DN,3.495090016,14.81353288,ART_defective,defective,ART,0,0,0,0,1,1,1,20,1585,25.66164848,181
GSE36476_CTRL_VS_TSST_ACT_16H_MEMORY_CD4_TCELL_OLD_UP,2.824315165,15.61696895,ART_defective,defective,ART,0,1,0,0,0,0,2,16,1556,25.8952809,182
GSE36476_CTRL_VS_TSST_ACT_16H_MEMORY_CD4_TCELL_YOUNG_UP,3.706913654,35.7095576,ART_defective,defective,ART,0,1,0,0,0,0,2,21,1943,25.68691427,183
GSE36476_CTRL_VS_TSST_ACT_40H_MEMORY_CD4_TCELL_YOUNG_UP,2.824315165,19.44319299,ART_defective,defective,ART,0,1,0,0,0,0,2,16,1831,38.31211916,184
GSE36476_YOUNG_VS_OLD_DONOR_MEMORY_CD4_TCELL_40H_TSST_ACT_DN,2.83865179,10.76973965,ART_defective,defective,ART,0,1,0,0,0,0,1,16,1390,42.75265018,185
GSE369_PRE_VS_POST_IL6_INJECTION_IFNG_WT_LIVER_DN,2.970826514,12.12982903,ART_defective,defective,ART,0,0,0,0,0,1,1,17,1608,31.04827969,186
GSE37301_COMMON_LYMPHOID_PROGENITOR_VS_CD4_TCELL_DN,3.161387955,21.60244702,ART_defective,defective,ART,1,1,0,0,0,0,1,18,1521,29.69732785,187
GSE37301_COMMON_LYMPHOID_PROGENITOR_VS_PRO_BCELL_DN,3.688285947,26.09344049,ART_defective,defective,ART,1,0,0,1,0,0,1,21,1737,30.24092583,188
GSE37301_PRO_BCELL_VS_CD4_TCELL_UP,3.700683547,8.210543907,ART_defective,defective,ART,0,1,0,1,0,0,2,18,2120,35.67382472,189
GSE37416_0H_VS_48H_F_TULARENSIS_LVS_NEUTROPHIL_UP,2.83865179,26.31216486,ART_defective,defective,ART,1,0,0,0,0,0,2,16,1554,29.00055157,190
GSE37532_WT_VS_PPARG_KO_LN_TCONV_UP,5.067880524,10.6576836,ART_defective,defective,ART,0,0,0,0,0,0,2,29,2948,27.84344059,191
GSE37533_PPARG1_FOXP3_VS_PPARG2_FOXP3_TRANSDUCED_CD4_TCELL_DN,3.844599018,18.49606835,ART_defective,defective,ART,0,1,0,0,0,0,1,22,1492,29.70120025,192
GSE37533_UNTREATED_VS_PIOGLIZATONE_TREATED_CD4_TCELL_FOXP3_TRASDUCED_CD4_TCELL_DN,2.804701865,44.25218915,ART_defective,defective,ART,0,1,0,0,0,0,1,13,998,23.64380206,193
GSE38696_LIGHT_ZONE_VS_DARK_ZONE_BCELL_UP,3.799010887,21.84487183,ART_defective,defective,ART,0,0,0,1,0,0,2,20,2395,43.75262055,194
GSE3982_EOSINOPHIL_VS_BASOPHIL_DN,2.824315165,9.472438572,ART_defective,defective,ART,1,0,0,0,0,0,1,16,1032,35.65112665,195
GSE3982_MAST_CELL_VS_TH1_DN,2.824315165,13.60736506,ART_defective,defective,ART,1,0,0,0,1,0,1,16,1526,38.95478523,196
GSE39820_CTRL_VS_TGFBETA1_IL6_IL23A_CD4_TCELL_UP,3.688285947,66.33988082,ART_defective,defective,ART,0,1,0,0,0,1,1,21,1814,29.13008891,197
GSE39820_CTRL_VS_TGFBETA3_IL6_IL23A_CD4_TCELL_UP,3.320335516,8.001546797,ART_defective,defective,ART,0,1,0,0,0,1,2,19,1656,25.47380009,198
GSE39820_TGFBETA1_IL6_VS_TGFBETA1_IL6_IL23A_TREATED_CD4_TCELL_UP,3.145581015,14.12463794,ART_defective,defective,ART,0,1,0,0,0,1,2,18,1624,29.25091441,199
GSE39820_TGFBETA3_IL6_VS_TGFBETA3_IL6_IL23A_TREATED_CD4_TCELL_UP,2.810122626,5.484463151,ART_defective,defective,ART,0,1,0,0,0,1,2,16,1244,34.78761651,200
GSE40068_BCL6_POS_VS_NEG_CXCR5_POS_TFH_DN,2.810122626,75.79004715,ART_defective,defective,ART,1,0,0,0,0,1,1,16,1369,27.34798206,201
GSE40273_EOS_KO_VS_WT_TREG_DN,2.810122626,20.68757383,ART_defective,defective,ART,1,0,0,0,0,0,1,16,1565,49.03676471,202
GSE40273_GATA1_KO_VS_WT_TREG_DN,3.161387955,18.29951992,ART_defective,defective,ART,1,0,0,0,0,0,1,18,2012,40.68232662,203
GSE40274_FOXP3_VS_FOXP3_AND_XBP1_TRANSDUCED_ACTIVATED_CD4_TCELL_DN,2.857620768,3.723938667,ART_defective,defective,ART,0,1,0,0,0,0,1,13,1104,30.81805054,204
GSE40274_IRF4_VS_FOXP3_AND_IRF4_TRANSDUCED_ACTIVATED_CD4_TCELL_UP,2.912575014,36.06087601,ART_defective,defective,ART,0,1,0,0,0,0,2,15,1179,33.06595365,205
GSE411_UNSTIM_VS_100MIN_IL6_STIM_SOCS3_KO_MACROPHAGE_DN,2.970826514,9.078170805,ART_defective,defective,ART,0,0,0,0,1,1,1,17,1425,37.87177281,206
GSE411_WT_VS_SOCS3_KO_MACROPHAGE_DN,3.844599018,12.60776567,ART_defective,defective,ART,0,0,0,0,1,0,1,22,1461,25.80718031,207
GSE41867_DAY6_EFFECTOR_VS_DAY30_MEMORY_CD8_TCELL_LCMV_ARMSTRONG_DN,3.145581015,25.52354592,ART_defective,defective,ART,0,0,1,0,0,0,1,18,1805,41.2536071,208
GSE41867_DAY8_VS_DAY15_LCMV_CLONE13_EFFECTOR_CD8_TCELL_UP,2.970826514,13.40146424,ART_defective,defective,ART,0,0,1,0,0,0,2,17,1592,36.98956975,209
GSE42724_MEMORY_BCELL_VS_PLASMABLAST_UP,2.810122626,34.20753261,ART_defective,defective,ART,0,0,0,1,1,0,2,16,898,24.55516194,210
GSE43863_LY6C_INT_CXCR5POS_VS_LY6C_LOW_CXCR5NEG_EFFECTOR_CD4_TCELL_UP,2.98575529,14.88202253,ART_defective,defective,ART,0,1,0,0,0,1,2,17,1344,29.36224976,211
GSE45365_WT_VS_IFNAR_KO_CD8A_DC_MCMV_INFECTION_UP,3.688285947,19.54197042,ART_defective,defective,ART,0,0,0,0,1,1,2,21,2012,34.53080986,212
GSE45739_UNSTIM_VS_ACD3_ACD28_STIM_NRAS_KO_CD4_TCELL_UP,3.669844517,21.29092217,ART_defective,defective,ART,0,1,0,0,0,0,2,21,1684,40.75327635,213
GSE45739_UNSTIM_VS_ACD3_ACD28_STIM_WT_CD4_TCELL_UP,2.970826514,13.26679494,ART_defective,defective,ART,0,1,0,0,0,0,2,17,1360,32.31043956,214
GSE45881_CXCR6HI_VS_CXCR1LO_COLONIC_LAMINA_PROPRIA_UP,4.19410802,22.45634293,ART_defective,defective,ART,0,0,0,0,0,1,2,24,1865,29.00814751,215
GSE4590_LARGE_PRE_BCELL_VS_VPREB_POS_LARGE_PRE_BCELL_DN,2.912575014,11.32756775,ART_defective,defective,ART,0,0,0,1,0,0,1,15,1762,34.59747392,216
GSE4984_GALECTIN1_VS_LPS_STIM_DC_UP,3.07743775,17.36615324,ART_defective,defective,ART,0,0,0,0,1,0,2,14,1259,42.94855967,217
GSE4984_LPS_VS_VEHICLE_CTRL_TREATED_DC_DN,3.883433352,11.49517545,ART_defective,defective,ART,0,0,0,0,1,0,1,22,2116,26.1962755,218
GSE5099_CLASSICAL_M1_VS_ALTERNATIVE_M2_MACROPHAGE_UP,2.882548467,76.1061844,ART_defective,defective,ART,0,0,0,0,1,0,2,16,1141,23.01828612,219
GSE5503_PLN_DC_VS_SPLEEN_DC_ACTIVATED_ALLOGENIC_TCELL_DN,2.970826514,14.81532945,ART_defective,defective,ART,1,0,0,0,1,0,1,17,803,21.42943671,220
GSE5542_UNTREATED_VS_IFNA_AND_IFNG_TREATED_EPITHELIAL_CELLS_6H_DN,3.863918611,18.70222255,ART_defective,defective,ART,1,0,0,0,0,1,1,22,1546,26.29422006,221
GSE5542_UNTREATED_VS_IFNA_TREATED_EPITHELIAL_CELLS_6H_UP,3.161387955,19.74873127,ART_defective,defective,ART,1,0,0,0,0,1,2,18,1373,24.50275837,222
GSE5542_UNTREATED_VS_IFNG_TREATED_EPITHELIAL_CELLS_24H_UP,2.824315165,13.03254833,ART_defective,defective,ART,1,0,0,0,0,1,2,16,1417,24.81719965,223
GSE5542_UNTREATED_VS_IFNG_TREATED_EPITHELIAL_CELLS_6H_DN,3.320335516,13.00534699,ART_defective,defective,ART,1,0,0,0,0,1,1,19,1593,21.99806202,224
GSE5589_LPS_AND_IL10_VS_LPS_AND_IL6_STIM_MACROPHAGE_45MIN_DN,3.145581015,15.16058809,ART_defective,defective,ART,0,0,0,0,1,1,1,18,1418,21.97079038,225
GSE5679_CTRL_VS_PPARG_LIGAND_ROSIGLITAZONE_TREATED_DC_DN,2.970826514,64.77403027,ART_defective,defective,ART,0,0,0,0,1,0,1,17,1811,41.09016949,226
GSE5679_PPARG_LIGAND_ROSIGLITAZONE_VS_ROSIGLITAZONE_AND_RARA_AGONIST_AM580_TREATED_DC_UP,2.970826514,3.867074101,ART_defective,defective,ART,0,0,0,0,1,0,2,17,1080,34.64599483,227
GSE6092_UNSTIM_VS_IFNG_STIM_ENDOTHELIAL_CELL_DN,3.161387955,29.21372011,ART_defective,defective,ART,1,0,0,0,0,1,1,18,2332,45.29229935,228
GSE6674_ANTI_IGM_VS_CPG_STIM_BCELL_UP,3.495090016,8.932795072,ART_defective,defective,ART,0,0,0,1,0,1,2,20,2028,31.73008386,229
GSE7219_UNSTIM_VS_LPS_AND_ANTI_CD40_STIM_NIK_NFKB2_KO_DC_UP,3.730714062,11.64773169,ART_defective,defective,ART,0,0,0,0,1,1,2,19,2334,33.64168421,230
GSE7219_WT_VS_NIK_NFKB2_KO_DC_DN,2.895340842,12.28500104,ART_defective,defective,ART,0,0,0,0,1,0,1,14,1864,33.76107162,231
GSE7348_LPS_VS_TOLERIZED_AND_LPS_STIM_MACROPHAGE_DN,3.414743119,11.12070464,ART_defective,defective,ART,0,0,0,0,1,0,1,17,1219,30.79748603,232
GSE7348_UNSTIM_VS_TOLERIZED_AND_LPS_STIM_MACROPHAGE_UP,3.451940757,17.77580046,ART_defective,defective,ART,0,0,0,0,1,0,2,16,1505,48.07966261,233
GSE7460_CD8_TCELL_VS_TREG_ACT_DN,3.161387955,5.785245158,ART_defective,defective,ART,1,0,1,0,0,0,1,18,1636,24.95019586,234
GSE7460_CTRL_VS_TGFB_TREATED_ACT_FOXP3_HET_TCONV_UP,3.145581015,22.68107582,ART_defective,defective,ART,1,0,0,0,0,1,2,18,1317,31.50031309,235
GSE7460_FOXP3_MUT_VS_WT_ACT_WITH_TGFB_TCONV_DN,3.495090016,8.791815127,ART_defective,defective,ART,1,0,0,0,0,1,1,20,2358,39.32546056,236
GSE7509_UNSTIM_VS_FCGRIIB_STIM_MONOCYTE_DN,2.947666279,25.28385002,ART_defective,defective,ART,0,0,0,0,1,0,1,14,1426,44.93063063,237
GSE7568_CTRL_VS_3H_TGFB_TREATED_MACROPHAGES_WITH_IL4_AND_DEXAMETHASONE_DN,2.930015583,14.07031487,ART_defective,defective,ART,0,0,0,0,1,1,1,14,1134,33.48270314,238
GSE7568_IL4_TGFB_DEXAMETHASONE_VS_IL4_TGFB_TREATED_MACROPHAGE_DN,3.395230302,4.989515533,ART_defective,defective,ART,0,0,0,0,1,1,1,17,1328,25.66911765,239
GSE7568_IL4_VS_IL4_AND_TGFB_TREATED_MACROPHAGE_24H_UP,3.13930241,10.76496131,ART_defective,defective,ART,0,0,0,0,1,1,2,15,896,29.91909385,240
GSE7596_AKT_TRANSD_VS_CTRL_CD4_TCONV_WITH_TGFB_UP,2.822122373,16.95830658,ART_defective,defective,ART,0,1,0,0,0,1,2,13,802,21.51917614,241
GSE7768_OVA_ALONE_VS_OVA_WITH_LPS_IMMUNIZED_MOUSE_WHOLE_SPLEEN_6H_DN,2.878309425,10.85187571,ART_defective,defective,ART,0,0,0,0,0,0,1,14,1487,36.365,242
GSE7768_OVA_ALONE_VS_OVA_WITH_MPL_IMMUNIZED_MOUSE_WHOLE_SPLEEN_6H_DN,2.983613429,14.38026928,ART_defective,defective,ART,0,0,0,0,0,0,1,14,896,31.92979452,243
GSE7831_UNSTIM_VS_CPG_STIM_PDC_4H_UP,2.970826514,37.3586721,ART_defective,defective,ART,0,0,0,0,1,0,2,17,1600,36.01533966,244
GSE9006_HEALTHY_VS_TYPE_1_DIABETES_PBMC_1MONTH_POST_DX_UP,3.145581015,34.63415764,ART_defective,defective,ART,0,0,0,0,1,0,2,18,1275,24.7574445,245
GSE9601_UNTREATED_VS_NFKB_INHIBITOR_TREATED_HCMV_INF_MONOCYTE_DN,3.816477604,10.79660836,ART_defective,defective,ART,0,0,0,0,1,1,1,19,2184,33.56979632,246
GSE9601_UNTREATED_VS_PI3K_INHIBITOR_TREATED_HCMV_INF_MONOCYTE_UP,2.9787699,14.28205764,ART_defective,defective,ART,0,0,0,0,1,1,2,15,1502,46.98842018,247
GSE9650_NAIVE_VS_EFF_CD8_TCELL_UP,2.970826514,32.12113135,ART_defective,defective,ART,0,0,1,0,0,0,2,17,1329,25.49485019,248
GSE9650_NAIVE_VS_MEMORY_CD8_TCELL_UP,3.145581015,13.72963902,ART_defective,defective,ART,0,0,1,0,0,0,2,18,1560,31.80156472,249
GSE9960_HEALTHY_VS_GRAM_NEG_AND_POS_SEPSIS_PBMC_DN,3.031455626,10.82471661,ART_defective,defective,ART,0,0,0,0,1,0,1,17,1408,30.48385131,250
GSE9988_ANTI_TREM1_AND_LPS_VS_CTRL_TREATED_MONOCYTES_DN,2.83865179,33.32605104,ART_defective,defective,ART,0,0,0,0,1,0,1,16,1072,30.09496236,251
GSE9988_ANTI_TREM1_VS_CTRL_TREATED_MONOCYTES_DN,4.19410802,25.88527153,ART_defective,defective,ART,0,0,0,0,1,0,1,24,1388,31.18617021,252
GSE9988_ANTI_TREM1_VS_VEHICLE_TREATED_MONOCYTES_DN,3.548314737,26.68323731,ART_defective,defective,ART,0,0,0,0,1,0,1,20,1483,32.04475043,253
GSE9988_LOW_LPS_VS_CTRL_TREATED_MONOCYTE_DN,3.844599018,21.83586054,ART_defective,defective,ART,0,0,0,0,1,0,1,22,1377,21.35928571,254
HOFT_CD4_POSITIVE_ALPHA_BETA_MEMORY_T_CELL_BCG_VACCINE_AGE_18_45YO_56D_TOP_100_DEG_AFTER_IN_VITRO_RE_STIMULATION_DN,5.205453216,11.50683866,ART_defective,defective,ART,0,1,0,0,0,0,1,7,819,24.22451532,255
KAECH_NAIVE_VS_DAY8_EFF_CD8_TCELL_UP,3.495090016,27.4381736,ART_defective,defective,ART,0,0,1,0,0,0,2,20,1782,28.18355856,256
KAECH_NAIVE_VS_MEMORY_CD8_TCELL_UP,3.320335516,12.3281089,ART_defective,defective,ART,0,0,1,0,0,0,2,19,1734,40.96637998,257
NAKAYA_PBMC_FLUARIX_FLUVIRIN_AGE_18_50YO_3DY_DN,2.905848512,39.75761819,ART_defective,defective,ART,0,0,0,0,1,0,1,36,3136,24.47013949,258
NAKAYA_PBMC_FLUARIX_FLUVIRIN_AGE_18_50YO_CORRELATED_WITH_HAI_28DY_RESPONSE_AT_3DY_NEGATIVE,3.456682434,164.7889051,ART_defective,defective,ART,0,0,0,0,1,0,0,36,3281,24.73151365,259
NAKAYA_PBMC_FLUARIX_FLUVIRIN_AGE_18_50YO_CORRELATED_WITH_HAI_28DY_RESPONSE_AT_7DY_NEGATIVE,3.384718753,136.2365689,ART_defective,defective,ART,0,0,0,0,1,0,0,46,3805,27.64340935,260
OCONNOR_PBMC_MENVEO_ACWYVAX_AGE_30_70YO_7DY_AFTER_SECOND_DOSE_VS_7DY_AFTER_FIRST_DOSE_UP,5.543935888,21.42165873,ART_defective,defective,ART,0,0,0,0,1,0,2,23,2469,25.959345,261
QI_PBMC_ZOSTAVAX_AGE_50_75YO_CORRELATED_WITH_CONTRACTION_OF_VZV_SPECIFIC_T_CELLS_PEAK_TO_28DY_AT_1DYPOSITIVE,3.090895933,56.31121466,ART_defective,defective,ART,1,0,0,0,0,0,0,26,1983,37.22591207,262
THAKAR_PBMC_INACTIVATED_INFLUENZA_AGE_21_30YO_NONRESPONDER_28DY_UP,3.013008635,21.5829174,ART_defective,defective,ART,0,0,0,0,1,0,2,15,647,17.35902807,263
THAKAR_PBMC_INACTIVATED_INFLUENZA_AGE_21_30YO_NONRESPONDER_7DY_UP,3.30244726,11.91182745,ART_defective,defective,ART,0,0,0,0,1,0,2,12,435,14.35387931,264
ZAK_PBMC_MRKAD5_HIV_1_GAG_POL_NEF_AGE_20_50YO_1DY_ADDNL_EXON_LVL_UP,3.718180868,18.3930243,ART_defective,defective,ART,0,0,0,0,1,0,2,10,1192,43.32291667,265
ZAK_PBMC_MRKAD5_HIV_1_GAG_POL_NEF_AGE_20_50YO_CORRELATED_WITH_CD8_T_CELL_RESPONSE_3DY_POSITIVE,3.744739303,12.30842268,ART_defective,defective,ART,0,0,1,0,1,0,0,9,665,19.38072289,266
GSE11057_CD4_EFF_MEM_VS_PBMC_UP,10.59867237,1.28899531,EC_intact,intact,EC,0,1,0,0,1,0,2,8,791,43.00786517,267
GSE11057_NAIVE_CD4_VS_PBMC_CD4_TCELL_UP,8.029704832,1.324371822,EC_intact,intact,EC,0,1,0,0,1,0,2,6,729,46.91047619,268
GSE16450_CTRL_VS_IFNA_12H_STIM_IMMATURE_NEURON_CELL_LINE_UP,8.029704832,0.167586371,EC_intact,intact,EC,1,0,0,0,0,1,2,6,1187,41.175,269
GSE20366_TREG_VS_NAIVE_CD4_TCELL_HOMEOSTATIC_CONVERSION_DN,7.949004281,0.736232931,EC_intact,intact,EC,0,1,0,0,0,0,1,6,622,38.04011065,270
GSE22601_IMMATURE_CD4_SINGLE_POSITIVE_VS_CD8_SINGLE_POSITIVE_THYMOCYTE_DN,7.909259259,2.383825931,EC_intact,intact,EC,0,1,1,0,0,0,1,6,301,37.54435484,271
GSE25146_UNSTIM_VS_HELIOBACTER_PYLORI_LPS_STIM_AGS_CELL_DN,9.529228023,6.267102354,EC_intact,intact,EC,1,0,0,0,0,0,1,6,403,40.98181818,272
GSE26488_CTRL_VS_PEPTIDE_INJECTION_OT2_THYMOCYTE_DN,8.64399919,0.665595273,EC_intact,intact,EC,1,0,0,0,0,0,1,6,371,23.45868644,273
GSE30971_WBP7_HET_VS_KO_MACROPHAGE_UP,7.909259259,3.36304982,EC_intact,intact,EC,0,0,0,0,1,0,2,6,334,45.28816467,274
GSE31082_DN_VS_CD4_SP_THYMOCYTE_DN,9.227469136,1.907951419,EC_intact,intact,EC,0,1,0,0,0,0,1,7,246,44.64912281,275
GSE40225_WT_VS_RIP_B7X_DIABETIC_MOUSE_PANCREATIC_CD8_TCELL_UP,9.273838327,1.354556583,EC_intact,intact,EC,0,0,1,0,0,0,2,7,665,25.71828172,276
GSE5099_DAY3_VS_DAY7_MCSF_TREATED_MACROPHAGE_DN,8.64399919,1167.992151,EC_intact,intact,EC,0,0,0,0,1,0,1,6,220,27.60554885,277
GSE5142_CTRL_VS_HTERT_TRANSDUCED_CD8_TCELL_EARLY_PASSAGE_CLONE_UP,7.909259259,7.436006172,EC_intact,intact,EC,0,0,1,0,0,0,2,6,501,37.21122995,278
GSE6674_ANTI_IGM_VS_CPG_STIM_BCELL_UP,7.909259259,1.326208106,EC_intact,intact,EC,0,0,0,1,0,1,2,6,345,31.97183099,279
NAKAYA_PBMC_FLUARIX_FLUVIRIN_AGE_18_50YO_CORRELATED_WITH_HAI_28DY_RESPONSE_AT_7DY_NEGATIVE,5.550357375,468.4236772,EC_intact,intact,EC,0,0,0,0,1,0,0,10,915,28.83202785,280
GSE10239_NAIVE_VS_KLRG1HIGH_EFF_CD8_TCELL_UP,6.777572071,10.51001094,EC_defective,defective,EC,0,0,1,0,0,0,2,6,690,38.97846154,281
GSE11057_NAIVE_CD4_VS_PBMC_CD4_TCELL_UP,6.846379909,9.256684836,EC_defective,defective,EC,0,1,0,0,1,0,2,6,575,72.367713,282
GSE11386_NAIVE_VS_MEMORY_BCELL_DN,9.896391923,7.899831066,EC_defective,defective,EC,0,0,0,1,0,0,1,7,806,37.00290276,283
GSE11864_CSF1_VS_CSF1_PAM3CYS_IN_MAC_UP,6.846379909,2.692919403,EC_defective,defective,EC,0,0,0,0,1,0,2,6,437,22.9377335,284
GSE12392_WT_VS_IFNB_KO_CD8A_NEG_SPLEEN_DC_DN,6.743684211,0.833037811,EC_defective,defective,EC,0,0,0,0,1,1,1,6,747,38.9373849,285
GSE12845_IGD_POS_BLOOD_VS_NAIVE_TONSIL_BCELL_DN,7.907167416,4.359668274,EC_defective,defective,EC,0,0,0,1,0,0,1,7,771,38.98922156,286
GSE13411_IGM_MEMORY_BCELL_VS_PLASMA_CELL_UP,6.811802233,0.826328053,EC_defective,defective,EC,1,0,0,1,0,1,2,6,546,28.6710013,287
GSE16385_ROSIGLITAZONE_IL4_VS_IFNG_TNF_STIM_MACROPHAGE_UP,8.991578947,7.448678201,EC_defective,defective,EC,0,0,0,0,1,1,2,8,796,36.44350282,288
GSE16450_IMMATURE_VS_MATURE_NEURON_CELL_LINE_UP,6.91659919,11.05271011,EC_defective,defective,EC,1,0,0,0,0,0,2,6,916,72.69371728,289
GSE17301_ACD3_ACD28_VS_ACD3_ACD28_AND_IFNA2_STIM_CD8_TCELL_DN,6.743684211,0.95491124,EC_defective,defective,EC,0,0,1,0,0,1,1,6,281,22.86369958,290
GSE17301_IFNA2_VS_IFNA2_AND_ACD3_ACD28_STIM_CD8_TCELL_UP,6.743684211,0.95491124,EC_defective,defective,EC,0,0,1,0,0,1,2,6,281,22.86369958,291
GSE17721_CTRL_VS_GARDIQUIMOD_0.5H_BMDC_UP,6.743684211,2.188483449,EC_defective,defective,EC,0,0,0,0,1,0,2,6,391,37.96941176,292
GSE19198_6H_VS_24H_IL21_TREATED_TCELL_DN,6.811802233,10.62256546,EC_defective,defective,EC,1,0,0,0,0,1,1,6,657,43.74038462,293
GSE20715_0H_VS_24H_OZONE_LUNG_UP,6.743684211,0.818557748,EC_defective,defective,EC,0,0,0,0,0,0,2,6,736,35.78720787,294
GSE21063_3H_VS_16H_ANTI_IGM_STIM_BCELL_DN,6.846379909,0.40367544,EC_defective,defective,EC,0,0,0,1,0,1,1,6,572,28.41752577,295
GSE21670_UNTREATED_VS_IL6_TREATED_CD4_TCELL_DN,8.991578947,9.689526335,EC_defective,defective,EC,0,1,0,0,0,1,1,8,760,37.15039282,296
GSE22886_NAIVE_TCELL_VS_DC_UP,6.777572071,9.533024641,EC_defective,defective,EC,1,0,0,0,1,0,2,6,412,25.51470588,297
GSE23321_CD8_STEM_CELL_MEMORY_VS_NAIVE_CD8_TCELL_DN,6.881310419,3.125561067,EC_defective,defective,EC,0,0,1,0,0,0,1,6,791,34.43349754,298
GSE24574_BCL6_HIGH_VS_LOW_TFH_CD4_TCELL_UP,7.907167416,12.85150136,EC_defective,defective,EC,0,1,0,0,0,0,2,7,687,32.18018018,299
GSE25088_IL4_VS_IL4_AND_ROSIGLITAZONE_STIM_STAT6_KO_MACROPHAGE_DAY10_UP,6.811802233,4.009084134,EC_defective,defective,EC,0,0,0,0,1,1,2,6,815,49.55614973,300
GSE25123_CTRL_VS_IL4_AND_ROSIGLITAZONE_STIM_MACROPHAGE_UP,6.743684211,10.81329822,EC_defective,defective,EC,0,0,0,0,1,1,2,6,706,71.32490975,301
GSE27241_WT_VS_RORGT_KO_TH17_POLARIZED_CD4_TCELL_TREATED_WITH_DIGOXIN_UP,12.48830409,0.710434368,EC_defective,defective,EC,0,1,0,0,0,0,2,10,883,35.33264887,302
GSE27291_0H_VS_7D_STIM_GAMMADELTA_TCELL_UP,8.369820829,1.814627651,EC_defective,defective,EC,1,0,0,0,0,0,2,7,322,23.84469097,303
GSE27786_LIN_NEG_VS_ERYTHROBLAST_UP,6.743684211,0.712846606,EC_defective,defective,EC,1,0,0,0,0,0,2,6,403,25.63584906,304
GSE27786_NKTCELL_VS_ERYTHROBLAST_UP,7.907167416,1.807833226,EC_defective,defective,EC,1,0,0,0,0,0,2,7,297,25.55804749,305
GSE29618_BCELL_VS_MDC_DAY7_FLU_VACCINE_UP,7.024671053,9.018799458,EC_defective,defective,EC,0,0,0,1,1,0,2,6,696,39.66286645,306
GSE29618_BCELL_VS_MDC_UP,6.952251763,9.019471408,EC_defective,defective,EC,0,0,0,1,1,0,2,6,576,33.13836478,307
GSE29618_BCELL_VS_MONOCYTE_DAY7_FLU_VACCINE_UP,6.881310419,0.835903619,EC_defective,defective,EC,0,0,0,1,1,0,2,6,616,35.48680352,308
GSE36476_CTRL_VS_TSST_ACT_72H_MEMORY_CD4_TCELL_YOUNG_UP,6.811802233,9.113697015,EC_defective,defective,EC,0,1,0,0,0,0,2,6,498,57.444,309
GSE369_IFNG_KO_VS_WT_LIVER_UP,9.036762761,1.837716021,EC_defective,defective,EC,0,0,0,0,0,1,2,8,893,38.44093407,310
GSE3982_MAST_CELL_VS_BASOPHIL_DN,6.777572071,0.734006672,EC_defective,defective,EC,1,0,0,0,1,0,1,6,639,43.55097614,311
GSE40273_GATA1_KO_VS_WT_TREG_DN,7.907167416,0.942542958,EC_defective,defective,EC,1,0,0,0,0,0,1,7,683,36.37707006,312
GSE6092_UNSTIM_VS_IFNG_STIM_ENDOTHELIAL_CELL_DN,6.777572071,3.418504139,EC_defective,defective,EC,1,0,0,0,0,1,1,6,924,63.31754875,313
GSE8921_3H_VS_24H_TLR1_2_STIM_MONOCYTE_UP,6.743684211,0.892338824,EC_defective,defective,EC,0,0,0,0,1,0,2,6,550,31.93262411,314
NAKAYA_B_CELL_FLUARIX_FLUVIRIN_AGE_18_50YO_7DY_DN,5.352130326,0.554023667,EC_defective,defective,EC,0,0,0,1,0,0,1,7,732,54.2122905,315
NAKAYA_PBMC_FLUARIX_FLUVIRIN_AGE_18_50YO_3DY_DN,4.672298529,7.046373646,EC_defective,defective,EC,0,0,0,0,1,0,1,9,794,29.59239843,316
